{"IcoMoonType":"selection","icons":[{"icon":{"paths":["M576 706.612v-52.78c70.498-39.728 128-138.772 128-237.832 0-159.058 0-288-192-288s-192 128.942-192 288c0 99.060 57.502 198.104 128 237.832v52.78c-217.102 17.748-384 124.42-384 253.388h896c0-128.968-166.898-235.64-384-253.388z"],"tags":["user","profile","avatar","person","member"],"defaultCode":59761,"grid":16,"attrs":[]},"attrs":[],"properties":{"ligatures":"user, profile2","name":"user","order":21,"id":114,"prevSize":32,"code":59761},"setIdx":0,"setId":1,"iconIdx":113},{"icon":{"paths":["M992.262 871.396l-242.552-206.294c-25.074-22.566-51.89-32.926-73.552-31.926 57.256-67.068 91.842-154.078 91.842-249.176 0-212.078-171.922-384-384-384-212.076 0-384 171.922-384 384s171.922 384 384 384c95.098 0 182.108-34.586 249.176-91.844-1 21.662 9.36 48.478 31.926 73.552l206.294 242.552c35.322 39.246 93.022 42.554 128.22 7.356s31.892-92.898-7.354-128.22zM384 640c-141.384 0-256-114.616-256-256s114.616-256 256-256 256 114.616 256 256-114.614 256-256 256z"],"tags":["search","magnifier","magnifying-glass","inspect","find"],"defaultCode":59782,"grid":16,"attrs":[]},"attrs":[],"properties":{"ligatures":"search, magnifier","name":"search","order":22,"id":135,"prevSize":32,"code":59782},"setIdx":0,"setId":1,"iconIdx":134}],"height":1024,"metadata":{"name":"icomoon"},"preferences":{"showGlyphs":true,"showQuickUse":true,"showQuickUse2":true,"showSVGs":true,"fontPref":{"prefix":"icon-","metadata":{"fontFamily":"icomoon"},"metrics":{"emSize":1024,"baseline":6.25,"whitespace":50},"embed":false,"resetPoint":59648},"imagePref":{"prefix":"icon-","png":true,"useClassSelector":true,"color":0,"bgColor":16777215,"classSelector":".icon","name":"icomoon"},"historySize":50,"showCodes":true,"gridSize":16}}